0x0,NO_CONDITION
0x3,equal(PRM/VAR/REGISTER),0x0,BACKOFF_VALUE,0x1,CHANNEL,0x2,TIMER_1,0x2,TIMER_2,0xF,NULL,:,:,0x0,0,0x1,1,0x2,PRM_2,0x3,PRM_3,0x4,VAR_1,0x5,VAR_2,0xF,NULL
0x4,greater(PRM/VAR/REGISTER),0x0,VAR_1,0x1,VAR_2,0x2,VAR_3,0x3,VAR_4,0x4,VAR_5,0xF,NULL,:,:,0x0,PRM_13,0x1,CURRENT_CW,0x2,BUSY_TIME,0xF,NULL
0x7,equal_in_TX_QUEUE(OFFSET/VALUE),0x0,SUB_TYPE,0x1,RX_ADDRESS,0xF,NULL,:,:,0x0,DATA,0x1,ACK,0x2,CTRL,0x3,BEACON,0x4,PRM_4,0x5,PRM_5,0xF,NULL
0xE,equal_in_RX_QUEUE(OFFSET/VALUE),0x0,TYPE,0x1,SUB_TYPE,0x2,MY_BEACON,0x03,RX_ADDRESS,0x4,PRM_5,0xF,NULL,:,:,0x0,DATA,0x1,ACK,0x2,CTRL,0x3,BEACON,0x4,MY_ADDRESS,0xF,NULL
0x10,equal_in_RX_QUEUE(FRAME),0x0,ACK_FOR_ME,0x1,MANAGEMENT_DATA_FOR_ME,0xF,NULL
